EAN;Produto;Preço (R$);Link
7900083011050;Batom Satin Ruby Rose Lip Luxe LL80 4g;12.39;https://www.drogal.com.br/batom-satin-ruby-rose-lip-luxe-ll80-4g/p
7891024028704;Enxaguante Bucal Colgate Total 12 Anti Tártaro 250ml;17.65;https://www.drogal.com.br/enxaguante-bucal-colgate-total-12-anti-tartaro-250ml/p
7898919411917;Óleo Deo Corporal Paixão Avelã 100ml;17.79;https://www.drogal.com.br/oleo-deo-corporal-paixao-avela-100ml/p
7896226506142;Tamiflu 75mg com 10 cápsulas;308.99;https://www.drogal.com.br/tamiflu-75mg-10-caps/p
618231943777;"Barra de Proteína +Mu Choco Wheyfer Cookies&apos;n Cream 25g";7.55;https://www.drogal.com.br/barra-de-proteina-muke-mukebar-cookiesn-cream-25g/p
7898040323899;Junno 100mg 30 Cápsulas Moles;68.69;https://www.drogal.com.br/junno-100mg-30-capsulas-moles/p
7891000223666;Suplemento Alimentar Nutren Ômega 3 60 Cápsulas;69.29;https://www.drogal.com.br/suplemento-alimentar-nutren-omega-3-60-capsulas/p
7891000311172;Kit Complemento Alimentar Nutren Senior Sem Sabor 2 Unidades 740g 1,48Kg;293.23;https://www.drogal.com.br/kit-suplemento-alimentar-nutren-senior-sem-sabor-2-unidades-740g/p
7891317478919;Betina 16mg 30 Comprimidos Revestidos;24.39;https://www.drogal.com.br/betina-16mg-30-comprimidos-revestidos/p
070330731745;Aparelho Depilatorio Bic Soleil Leite De Coco 2 Unidades;16.89;https://www.drogal.com.br/aparelhodepilatoriobicsoleilleitedecococom2unidades/p
7899547532586;Maizher 10mg 120 Comprimidos;80.49;https://www.drogal.com.br/maizher-10mg-120-comprimidos/p
7895144893730;Goma de Mascar Mentos Pure Fresh Sabor Strong Mint 8,5g;4.05;https://www.drogal.com.br/goma-de-mascar-mentos-pure-fresh-sabor-menta-forte-85g/p
7898636191048;Creme Corporal Cicatricure Antiestrias 250g;47.79;https://www.drogal.com.br/creme-corporal-cicatricure-antiestrias-250g/p
7896548112229;Mydriacyl 10mg/ml Solução Oftálmica Estéril 5ml;19.49;https://www.drogal.com.br/mydriacyl-10mgml-solucao-oftalmica-esteril-5ml/p
7898700412512;Paracetamol 750mg Vitamedic 20 Comprimidos;22.57;https://www.drogal.com.br/paracetamol-750mg-vitamedic-20-comprimidos/p
7891721022579;Glifage XR 1g 30 Comprimidos de Liberação Prolongada;46.69;https://www.drogal.com.br/glifage-xr-1g-30-comprimidos-de-liberacao-prolongada/p
7896637037464;Lecza XR 750mg 30 Comprimidos Revestidos de Liberação Prolongada;120.49;https://www.drogal.com.br/lecza-xr-750mg-30-comprimidos-revestidos-de-liberacao-prolongada/p
4006000159188;Hidratante Labial Nivea Disney Princesas Moana Ediçao Limitada Sorbet de Melancia 4,8g;26.99;https://www.drogal.com.br/hidratante-labial-nivea-disney-princesas-moana-sorbet-de-melancia-48g/p
7896004715322;Alendronato de Sódio 70mg EMS 4 Comprimidos;13.29;https://www.drogal.com.br/alendronato-sod-70mg-4cpgems/p
7891150095786;Sérum Hidratante Corporal Dove Hialurônico + Dermo Renovador 180ml;27.89;https://www.drogal.com.br/serum-corporal-dove-hialuronico-pele-seca-e-extra-seca-180ml/p
7896094921207;Antiácido Estomazil Pó Efervescente Sabor Abacaxi 6 Sachês;13.59;https://www.drogal.com.br/estomazil-po-efervescente-abacaxi-6-unidades-sache-5g-cada/p
7898079005728;Lenços Umedecidos Prudence para Higiêne Íntima 20 Unidades;7.99;https://www.drogal.com.br/lencos-umedecidos-prudence-para-higiene-intima-20-unidades/p
7896658002939;Novamox 2x 20 Comprimidos Revestidos;190.75;https://www.drogal.com.br/novamox-2x-20-comprimidos-revestidos/p
7509546702858;Kit Enxaguante Bucal Colgate Total Clean Mint 500ml + Creme Dental Colgate Total Clean Mint 90g;22.29;https://www.drogal.com.br/kit-enxaguante-bucal-colgate-total-clean-mint-500ml-creme-dental-colgate-total-clean-mint-90g/p
7896423419276;"M&amp;M&apos;s Tubo Chocolate ao Leite 30g";5.99;https://www.drogal.com.br/mms-tubo-chocolate-ao-leite-30g/p
7896622305875;Antiácido Gastrol 10 Pastilhas Mastigáveis;10.69;https://www.drogal.com.br/gastrol-antiacido-10-pastilhas-mastigaveis/p
7897316801390;Cromolerg 2% Solução Oftálmica Estéril 5ml;16.39;https://www.drogal.com.br/cromolerg-2-solucao-oftalmica-esteril-5ml/p
7897595611185;Candesartana Cilexetila 16mg Sandoz 60 Comprimidos;97.49;https://www.drogal.com.br/candesartana-cilexetila-16mg-sandoz-60-comprimidos/p
7897595620279;Cloridrato de Loperamida 2mg 12 Comprimidos - Sandoz;4.99;https://www.drogal.com.br/cloridrato-de-loperamida-2mg-12-comprimidos-sandoz/p
7897595612397;Alopurinol 100mg Sandoz 60 Comprimidos;18.99;https://www.drogal.com.br/alopurinol-100mg-sandoz-60-comprimidos/p
4006000104157;Desodorante Antitranspirante Roll On Nivea Men Deep Carvão Ativado 50ml;10.89;https://www.drogal.com.br/desodorante-antitranspirante-roll-on-nivea-men-deep-carvao-ativado-50ml/p
7891317476410;Preni 3mg/ml Solução Oral 120ml + Seringa Dosadora;47.89;https://www.drogal.com.br/preni-3mg-ml-solucao-oral-120ml-seringa-dosadora/p
7891317038762;Pastilhas Valda Beetlejuice Sabor Uva Mentolada 50g;32.99;https://www.drogal.com.br/pastilhas-valda-beetlejuice-sabor-uva-mentolada-50g/p
7896046700300;Pó Descolorante Rápido Lightner +10 Gérmen de Trigo 20g;5.99;https://www.drogal.com.br/descol-lightner-po-20g-g-trigo/p
7891010607135;Absorvente Sempre Livre Conforto Noturno Suave Com Abas 16 Unidades;25.35;https://www.drogal.com.br/absorvente-sempre-livre-adapt-plus-com-abas-16-unidades/p
7899547500233;Orlistate 120mg Prati Donaduzzi 42 Cápsulas Duras;109.89;https://www.drogal.com.br/orlistate-120mg-prati-donaduzzi-42-capsulas/p
4005900905871;Kit Hidratante Corporal Nivea Q10 2 Unidades 400ml Cada;78.7;https://www.drogal.com.br/kit-hidratante-corporal-nivea-q10-2-unidades-400ml-cada/p
7896262304306;Bala Mastigável Mentos Mint 38g;4.35;https://www.drogal.com.br/bala-mastigavel-mentos-mint-38g/p
7898970233008;Creme Corporal Bumbum Cream Beleza Brasileira 200g;119.89;https://www.drogal.com.br/creme-corporal-bumbum-cream-beleza-brasileira-200g/p
7891150021679;Shampoo e Condicionador Dove Men +Care 2 em 1 Força Resistente 400ml;37.49;https://www.drogal.com.br/shampoo-dove-men-2-em-1-forca-resistente-400ml/p
7896006213123;Suplemento Alimentar Colact Solução Oral Sem Sabor + Copo Dosador 120ml;18.29;https://www.drogal.com.br/colact-667mgml-xpe120ml-ssab/p
7891150100053;Sorvete Kibon Magnum Pistache 65g;19.99;https://www.drogal.com.br/sorvete-kibon-magnum-pistache-65g/p
7899095203532;Cisteil 20mg/ml Xarope Solução Oral Sabor Framboesa 120ml + 1 Copo Dosador;27.59;https://www.drogal.com.br/cisteil-20mgml-120ml/p
7896658037993;Limpeza Facial Puriance Control Profuse 150ml;49.29;https://www.drogal.com.br/limpeza-facial-puriance-control-profuse-150ml/p
7908079515667;Epadose Sabor Boldo 1 Flaconete 10ml;2.42;https://www.drogal.com.br/epadose-sabor-boldo-1-flaconete-10ml/p
7891962078113;Mini Chocottone Fini Beijos Bauducco 80g;9.99;https://www.drogal.com.br/mini-chocottone-fini-beijos-bauducco-80g/p
7891000448366;Suplemento Alimentar Adulto em Pó Nestlé Vital Ritual Noturno Sabor Baunilha 360g;75.95;https://www.drogal.com.br/suplemento-alimentar-adulto-em-po-nestle-vital-ritual-noturno-sabor-baunilha-360g/p
4015630064250;Kit Sistema de Monitorização de Glicemia Accu-Chek Active + Tiras-teste 10 Unidades;150.49;https://www.drogal.com.br/kitaccuchekactivecontroledeglicemia/p
7891150075405;"Sabonete Líquido Dove Antibacteriano Cuida &amp; Protege 250ml";13.99;https://www.drogal.com.br/sabonete-liquido-dove-antibacteriano-cuida-protege-250ml/p
7899095230309;Cloridrato de Ciprofloxacino 3,5mg/ml + Dexametasona 1mg/ml Geolab Solução Oftálmica 5ml;22.69;https://www.drogal.com.br/clor-ciprodex-col-5mlggeo/p
7896206402211;Symbicort Turb 6/200mcg pó para inalação 60 doses;141.42;https://www.drogal.com.br/symbicort-turb-6200mcg-60-dos/p
7891024042984;Kit Creme Dental Para Sensibilidade Colgate Sensitive Pro Alívio Imediato Original 3 Unidades 90g Cada;26.99;https://www.drogal.com.br/kit-creme-dental-para-sensibilidade-colgate-sensitive-pro-alivio-imediato-original-3-unidades-90g-cada/p
7891350048971;Esmalte Risqué Mistérios do Inverno Look Invernal 9ml;7.85;https://www.drogal.com.br/esm-risque-misterios-inverno-look-invern-9ml/p
0631430481819;Suplemento Alimentar Good Vit Carbonato de Cálcio 60 Cápsulas;39.99;https://www.drogal.com.br/suplemento-alimentar-good-vit-carbonato-de-calcio-60-capsulas/p
7896261012608;Diovan Amlo Fix 320 + 10mg caixa com 28 comprimidos revestidos;207.14;https://www.drogal.com.br/diovan-amlo-fix-32010mg-28cpr/p
7891317180539;Desogestrel 75mcg Eurofarma 28 Comprimidos Revestidos;20.39;https://www.drogal.com.br/desogestrel-75mcg-eurofarma-28-comprimidos-revestidos/p
7891000113295;Cereal Infantil Mucilon Aveia e Ameixa 180g;8.85;https://www.drogal.com.br/cereal-infantil-mucilon-aveia-e-ameixa-180g/p
7898414851911;Suplemento Alimentar Imecap Face 60 Cápsulas;89.59;https://www.drogal.com.br/imecap-face-60-capsulas/p
7908615025940;Esmalte Colorama Universo Paralelo Azul Hacker 8ml;6.59;https://www.drogal.com.br/esmalte-colorama-universo-paralelo-azul-hacker-8ml/p
7908079505491;Enxaguante Bucal Perionex Oral Nexter Tradicional 250ml;28.69;https://www.drogal.com.br/enxaguante-bucal-perionex-oral-nexter-tradicional-250ml/p
7898103650955;Acalmilfito 20 Comprimidos;21.89;https://www.drogal.com.br/acalmilifito-20-comprimidos-revestidos/p
7897129301223;Micolamina Loção 50ml;84.19;https://www.drogal.com.br/micolaminalocao50ml/p
7899095246966;Cloridrato De Tansulosina Geolab 0,4mg 60 Comprimidos;128.99;https://www.drogal.com.br/cloridrato-de-tansulosina-geolab-04mg-60-comprimidos/p
7896235354116;Loção Acetinada Deo Hidratante Paixão Flor de Baunilha 300g;24.99;https://www.drogal.com.br/locao-paixao-hidratante-deo-acetinada-flor-de-baunilha-300g/p
7891317011598;Melocox ODT 15mg 10 Comprimidos Orodispersíveis;35.99;https://www.drogal.com.br/melocox-odt-15mg-10-comprimidos-orodispersiveis/p
7891317043018;Suplemento Alimentar 20 Bi Fibras 10 Sachês 5g Cada;101.71;https://www.drogal.com.br/suplemento-alimentar-20-bi-fibras-10-saches-5g-cada/p
7896026171250;Protetor Solar Facial Umbrella Intelligent Fluido FPS50 50g;87.49;https://www.drogal.com.br/protetor-solar-umbrella-intelligent-fluido-fps50-50g/p
7891317004293;Prednisolona 5mg Eurofarma 10 Comprimidos;5.09;https://www.drogal.com.br/prednisolona-5mg-eurofarma-10-comprimidos/p
7896004747880;Celecoxibe 200mg EMS 10 Cápsulas Duras;38.99;https://www.drogal.com.br/celecoxibe-200mg-10-ems-capsulas-duras/p
7908228805120;Balas de Gelatina Fini Polvo 80g;7.99;https://www.drogal.com.br/bala-de-gelatina-fini-polvo-80g/p
7898430190872;Dprev 10.000UI 30 Comprimidos Revestidos;112.86;https://www.drogal.com.br/dprev-10000ui-30-comprimidos-revestidos/p
7896018700314;Condicionador Huggies Extra Suave 200ml;19.55;https://www.drogal.com.br/condicionador-huggies-extra-suave-200ml/p
7896112408611;Beneflora 5 Bilhões Pó para Solução Oral Sem Sabor 6 Sachês 4g;51.29;https://www.drogal.com.br/beneflora-5-bilhoes-po-para-solucao-oral-sem-sabor-6-saches-4g/p
7891721202391;Aciclovir 400mg Merck 30 Comprimidos;101.19;https://www.drogal.com.br/aciclovir-400mg-merck-30-comprimidos/p
5702150152176;Rexulti 2mg 30 Comprimidos;446.69;https://www.drogal.com.br/rexulti-2mg-30-comprimidos/p
4015630064175;Tiras para Controle de Glicemia Accu-Chek Active 25 Unidades;75.45;https://www.drogal.com.br/tiras-para-controle-de-glicemia-accu-chek-active-25-unidades/p
7896112400165;Doss 50000ui  4 Cápsulas;68.9;https://www.drogal.com.br/doss50000ui4capsulas/p
7891317000608;Desve 50mg 30 Comprimidos Revestidos de Liberação Prolongada;73.79;https://www.drogal.com.br/desve-50mg-30-comprimidos-revestidos-de-liberacao-prolongada/p
7896007553587;Fralda Huggies Máxima Proteção G 92 Unidades;129.85;https://www.drogal.com.br/fralda-huggies-supreme-care-g-max-92-unidades/p
7898524349438;Shampoo Salon Line Meu Liso Demais 300ml;16.89;https://www.drogal.com.br/shampoo-salon-line-meu-liso-demais-300ml/p
0382903201785;Agulhas Descartáveis para Caneta de Insulina BD Ultra-Fine 32g x 4mm 10 Unidades;17.89;https://www.drogal.com.br/agulhas-descartaveis-para-caneta-de-insulina-bd-ultra-fine-32g-x-4mm-10-unidades/p
7896262301022;Bala Mastigável Fruittella Sabor Morango 40g;3.65;https://www.drogal.com.br/bala-mastigavel-fruitella-stick-sabor-suco-de-frutas-40g/p
7896676435214;Mirugell Solução Oftálmica Estéril 5ml;25.99;https://www.drogal.com.br/mirugell-solucao-oftalmica-esteril-5ml/p
7898687734447;Bromidrato de Vortioxetina 10mg Althaia 30 Comprimidos Revestidos;90.29;https://www.drogal.com.br/bromidrato-de-vortioxetina-10mg-althaia-30-comprimidos-revestidos/p
7896004704036;Nimesulida 100mg EMS 12 Comprimidos;6.69;https://www.drogal.com.br/nimesulida-100mg-ems-12-comprimidos/p
7794640173608;Sal de Andrews Sem Sabor Sachê 5g;1.79;https://www.drogal.com.br/sal-de-andrews-sem-sabor-sache-5g/p
7908079500663;Escova De Cabelo Sveda Hair Antares Flexível Oval Vazada 1 Unidade;15.15;https://www.drogal.com.br/escova-de-cabelo-sveda-hair-antares-flexivel-oval-vazada-1-unidade/p
7896326905555;Carimbo Pedagógico Cis Stamp Brincadeiras 1 Unidade;5.65;https://www.drogal.com.br/carimbo-pedagogico-cis-stamp-linha-brinca-c1/p
7897780209159;"Pasta D&apos;Água Rioquímica 100g";24.55;https://www.drogal.com.br/pasta-d-agua-100g-rioq/p
7897322710440;Lisador  8 Comprimidos;25.09;https://www.drogal.com.br/lisador-8-comprimidos/p
079400526342;Desodorante Antitranspirante Invisível Dove Sérum Stick Sakura Blossom 45g;38.15;https://www.drogal.com.br/desodorante-antitranspirante-invisivel-dove-serum-stick-sakura-blossom-45g/p
7613034968364;Fórmula Infantil NAN Supreme Pro 0 a 6 Meses 800g;124.55;https://www.drogal.com.br/formula-infantil-nan-supreme-pro-0-a-6-meses-800g/p
7891317197506;Don 10mg 30 Comprimidos;84.19;https://www.drogal.com.br/don-10mg-30-comprimidos/p
7896235354376;Gel Creme Hidratante Monange Facial Hidra Antissinais 80g;19.59;https://www.drogal.com.br/gel-creme-hidratante-monange-facial-hidra-antissinais-80g/p
7896004781389;Etoricoxibe 60mg EMS 14 Comprimidos Revestidos;50.58;https://www.drogal.com.br/etoricoxibe-60mg-ems-14-comprimidos-revestidos/p
7896083411610;Omater Gest 30 Cápsulas;109.9;https://www.drogal.com.br/omatergest30capsulas/p
7908615012049;"Gel de Limpeza Facial Suavizante L&apos;Oréal Paris Revitalift Pro-Retinol 150g";37.99;https://www.drogal.com.br/gel-de-limpeza-facial-suavizante-loreal-paris-revitalift-pro-retinol-150g/p
7896422527514;Cloridrato de Naratriptana 2,5mg Medley 8 Comprimidos;30.69;https://www.drogal.com.br/cloridrato-de-naratriptana-25mg-medley-8-comprimidos/p
7897316805411;Lumigan RC 0,01% Solução Oftálmica Estéril 5ml;280.27;https://www.drogal.com.br/lumigan-rc-001-solucao-oftalmica-esteril-5ml/p
7908458326150;Creme Para Pentear Salon Line kids Cachinhos Nutridos Chocolate 1kg;33.19;https://www.drogal.com.br/creme-para-pentear-salon-line-kids-cachinhos-nutridos-chocolate-1kg/p
7891317143046;Cloridrato de Propafenona 300mg Eurofarma 30 Comprimidos Revestidos;70.89;https://www.drogal.com.br/cloridrato-de-propafenona-eurofarma-300mg-30-comprimidos-revestidos/p
7891182810098;Esmalte Cremoso Risqué Astral 8ml;6.69;https://www.drogal.com.br/esmalte-cremoso-risque-astral-8ml/p
7896658049378;Leucogen 80mg 90 Cápsulas Duras;310.49;https://www.drogal.com.br/leucogen-80mg-90-capsulas-duras/p
7500435249799;Escova Dental Elétrica Oral-B iO Series 2 1 Unidade;475.79;https://www.drogal.com.br/escova-dental-eletrica-oral-b-io-series-2-1-unidade/p
7891721014185;Euthyrox 175mcg 50 Comprimidos;61.49;https://www.drogal.com.br/euthyrox-175mcg-50-comprimidos/p
7896006297376;Cloridrato de Duloxetina 60mg União Química 30 Cápsulas de Liberação Retardada;88.39;https://www.drogal.com.br/cloridrato-de-duloxetina-60mg-uniao-quimica-30-capsulas-de-liberacao-retardada/p
7897947617445;Suplemento Alimentar Lavitan Super Fórmula Cabelos e Unhas 30 Comprimidos Revestidos;36.45;https://www.drogal.com.br/suplemento-alimentar-lavitan-super-formula-cabelos-e-unhas-30-comprimidos-revestidos/p
3499320016735;Creme Facial Noturno Anti-idade Cetaphil Healthy Renew para Rugas e Linhas Finas 50g;295.45;https://www.drogal.com.br/creme-facial-noturno-anti-idade-cetaphil-healthy-renew-para-rugas-e-linhas-finas-50g/p
7896112100539;Cloridrato de Prometazina 25mg 20 Comprimidos Revestidos;7.69;https://www.drogal.com.br/cloridrato-de-prometazina-25mg-20-comprimidos-revestidos/p
7506306214989;Desodorante Antitranspirante Aerosol Rexona Clinical Classic 150ml;22.99;https://www.drogal.com.br/desodorante-antitranspirante-aerosol-rexona-clinical-classic-150ml/p
7896422524629;Albendazol 400mg 3 Comprimidos Mastigáveis - Medley;17.99;https://www.drogal.com.br/albendazol-400mg-3-comprimidos-mastigaveis-medley/p
7896714211978;Hidroclorotiazida 25mg Neo Química 30 Comprimidos;2.39;https://www.drogal.com.br/hidroclorotiazida-25mg-neo-quimica-30-comprimidos/p
7898029557154;Procoralan 7,5mg caixa com 56 comprimidos;189.79;https://www.drogal.com.br/procoralan-75mg-56-cpr/p
7896658048265;Kalist 2mg 84 Comprimidos;137.59;https://www.drogal.com.br/kalist-2mg-84-comprimidos/p
7899706192699;Gel de Limpeza Cerave Acne Control 60g;47.69;https://www.drogal.com.br/gel-de-limpeza-cerave-acne-control-60g/p
7896094210424;Ceci 2mg + 1mg 28 Comprimidos Revestidos;85.49;https://www.drogal.com.br/ceci-2mg-1mg-28-comprimidos-revestidos/p
7891010987787;Antisséptico Bucal Listerine Anticáries Refrescância Extra Suave 500ml;34.65;https://www.drogal.com.br/antisseptico-bucal-listerine-anticaries-refrescancia-extra-suave-500ml/p
7896523206547;Valerimed 50mg 20 Comprimidos Revestidos;18.69;https://www.drogal.com.br/valerimed-50mg-20-comprimidos-revestidos/p
7896699001229;Bico de Mamadeira Lolly Essence Silicone 1 Unidade;8.79;https://www.drogal.com.br/bico-de-mamadeira-lolly-essence-silicone/p
7896004769943;Repoflor 250mg Pó Oral Sabor Abacaxi 10 Sachês;37.99;https://www.drogal.com.br/repoflor-250-250mg-10-envelopes/p
78915640;Esparadrapo Nexcare Impermeável 25mm x 0,9m;6.19;https://www.drogal.com.br/esparadrapo-nexcare-impermeavel-25mm-x-09m/p
8710103938446;Chupeta Ultra Soft Dupla Philips Avent 0-6 Meses Verde e Azul 2 Unidades;83.69;https://www.drogal.com.br/chupeta-ultra-soft-dupla-philips-avent-0-6-meses-verde-e-azul-2-unidades/p
7891000439500;Suplemento Alimentar Nutren Protein Whey 20g de Proteínas Sabor Chocolate 260ml;14.99;https://www.drogal.com.br/suplemento-alimentar-nutren-protein-sabor-chocolate-260ml/p
7891350033434;Tinta de Cabelo Biocolor Mini Kit Castanho Escuro Chique 3.0;15.79;https://www.drogal.com.br/tinta-de-cabelo-biocolor-mini-kit-castanho-escuro-chique-30/p
7896009718113;Pilha Zinco Rayovac AA 4 Unidades;12.65;https://www.drogal.com.br/pilha-rayovac-zinco-aa4-c4/p
7891142983039;Sabonete Facial em Barra Glycare Control 70g;51.59;https://www.drogal.com.br/sabonete-facial-em-barra-glycare-control-70g/p
7896671630058;Condicionador Flores e Vegetais Alecrim e Erva-Doce 310ml;27.75;https://www.drogal.com.br/condicionador-flores-e-vegetais-alecrim-e-erva-doce-300ml/p
7894222040448;Esmalte Dailus Glitter Babado e Gliteria Não Vim a Passeio 8ml;14.89;https://www.drogal.com.br/esmalte-dailus-glitter-babado-e-gliteria-nao-vim-a-passeio-8ml/p
7896206406738;Selozok 50mg caixa com 60 comprimidos;131.09;https://www.drogal.com.br/selozok-50mg-60cpr/p
7897705203088;Wegovy 0,5mg/0,5ml Solução Injetável Subcutânea 1 Sistema de Aplicação Preenchido com 4 Doses + 4 Agulhas Descartáveis;1314.38;https://www.drogal.com.br/wegovy-05mg-05ml-solucao-injetavel-subcutanea-4-sistema-de-aplicacao-preenchido-com-4-doses-4-agulhas-descartaveis/p
7898040324247;Maresis 09% jato forte;65.89;https://www.drogal.com.br/maresis-spray-jato-forte-100ml/p
3499320004497;Espuma de Limpeza Cetaphil Dermacontrol 236ml;84.19;https://www.drogal.com.br/espuma-de-limpeza-cetaphil-dermacontrol-236ml/p
7896094201811;Naprix A 10mg + 5mg 30 Cápsulas;69.69;https://www.drogal.com.br/naprix-a-10mg-5mg-30-capsulas/p
7899838832005;Fita Kinésio Multilaser Muscle Fix 5X500cm Rolo Azul HC042;30.09;https://www.drogal.com.br/fita-kinesio-multilaser-muscle-fix-5x500cm-rolo-azul-hc042/p
7896004789491;Miogesic Lis 125mg + 5mg 30 Comprimidos Revestidos;54.39;https://www.drogal.com.br/miogesic-lis-125mg--5mg-30-comprimidos-revestidos/p
7896061997457;Fralda Shortinho Babysec Ultrasec Mega Galinha Pintadinha G 22 Unidades;38.59;https://www.drogal.com.br/fralda-shortinho-babysec-ultrasec-mega-galinha-pintadinha-g-22-unidades/p
742832706285;Pomada para Mamilos De Lanolina Hpa Lansinoh 30g;61.89;https://www.drogal.com.br/pomada-para-mamilos-de-lanolina-hpa-lansinoh-30g/p
7896331701029;Stilgrip Pó para Solulção Oral Sabor Mel e Limão 5g;3.9;https://www.drogal.com.br/stilgrip-granulado-1-sache/p
0070341368572;Protetor Solar Facial Principia PS-05 FPS70 Cor 2.0 30ml;48.99;https://www.drogal.com.br/protetor-solar-facial-principia-ps-05-fps70-cor-20-30ml/p
7891150101685;Máscara de Tratamento Seda Liso Perfeito 300g;18.89;https://www.drogal.com.br/mascara-de-tratamento-seda-liso-perfeito-300g/p
7908785406815;Protetor Solar Facial La Roche-Posay Anthelios UV Mune 400 Airlicium Antioleosidade FPS50+ (FPS60) Sem Cor 50ml;121.69;https://www.drogal.com.br/protetor-solar-facial-la-roche-posay-anthelios-uv-mune-400-airlicium-antioleosidade-fps50-50ml/p
7891058005658;Prednisona 5mg Medley 20 Comprimidos;9.2;https://www.drogal.com.br/prednisona-5mg-medley-20-comprimidos/p
7891142171719;Antialérgico Polaramine 20 Comprimidos;30.79;https://www.drogal.com.br/antialergico-polaramine-2mg-20-comprimidos/p
7895800304228;Goma de Mascar Trident Menta 8g;3.99;https://www.drogal.com.br/goma-de-mascar-trident-menta-8g/p
7896311773299;Barra de Proteína Integralmedica Crisp Bar Dou Crunch 45g;10.65;https://www.drogal.com.br/barra-de-proteina-integralmedica-crisp-bar-dou-crunch-45g/p
7898636193943;Creme Antifúngico Lakesia Pes 20g;19.9;https://www.drogal.com.br/creme-antifungico-lakesia-pes-20g/p
7896676430127;Glya 75mg 30 Cápsulas Duras;58.19;https://www.drogal.com.br/glya-75mg-30-capsulas-duras/p
7908236800186;Viagra 50mg 2 Comprimidos Revestidos;67.31;https://www.drogal.com.br/viagra50mgcaixacom2comprimidosrevestidos/p
7891150091245;Máscara de Tratamento Tresemmé Brilho Lamelar 400g;33.89;https://www.drogal.com.br/mascara-de-tratamento-tresemme-brilho-lamelar-400g/p
7891010250997;Protetor Solar Facial Neutrogena Sun Fresh FPS70 40g;64.85;https://www.drogal.com.br/protetor-solar-facial-neutrogena-sun-fresh-fps70-40g/p
7908458305629;Kit Shampoo + Condicionador Salon Line Hidra Hialurônico Hidrata e Preenche 300ml Cada;18.15;https://www.drogal.com.br/kit-shampoo-condicionador-salon-line-meu-ritual-hialuronico-300ml-cada/p
7898430194467;Calceos Kids Solução Oral Sabor Cereja 200ml;61.49;https://www.drogal.com.br/calceos-kids-200ml/p
7896261000797;Voltaren 75mg Solução Injetável 5 Ampolas 3ml Cada;27.59;https://www.drogal.com.br/voltaren-75mg-solucao-injetavel-5-ampolas-3ml-cada/p
7898303263856;Óleo de Semente de Abóbora 1.000mg 60 Cápsulas;45.59;https://www.drogal.com.br/oleo-de-semente-de-abobora-1000mg-60-capsulas/p
7898556034746;Escova De Cabelo Sveda Hair Magic Colors White Quadrada 1 Unidade;20.55;https://www.drogal.com.br/escova-de-cabelo-sveda-hair-magic-colors-white-quadrada-1-unidade/p
7908079507273;Esparadrapo Triane Transparente 2,5cm x 4,5m;20.35;https://www.drogal.com.br/esparadrapo-transparente-triane-25cm-x-45m/p
7896061996610;Fralda Babysec Ultrasec Hiper Galinha Pintadinha G 60 Unidades;80.49;https://www.drogal.com.br/fralda-babysec-ultrasec-hiper-galinha-pintadinha-g-60-unidades/p
4006000003849;Gel Creme Hidratante Corporal Eucerin pH5 350g;113.39;https://www.drogal.com.br/gel-creme-hidratante-eucerin-ph5-350g/p
7891000419076;Choco Cookies Nestlé Sabor Gotas de Chocolate 100g;7.89;https://www.drogal.com.br/choco-cookies-nestle-sabor-gotas-de-chocolate-100g/p
7891317017019;Cilostazol 50mg Eurofarma 60 Comprimidos;27.39;https://www.drogal.com.br/cilostazol-50mg-eurofarma-60-comprimidos/p
7897595637932;Risperidona 2mg Novartis 30 Comprimidos Revestidos;22.69;https://www.drogal.com.br/risperidona-2mg-novartis-30-comprimidos-revestidos/p
7896112110347;Aminofilina 100mg Teuto 20 Comprimidos;5.39;https://www.drogal.com.br/aminofilina-100mg-teuto-20-comprimidos/p
7896004713045;Topiramato 100mg Germed 60 Comprimidos Revestidos;85.19;https://www.drogal.com.br/topiramato-100mg-pharma-60-comprimidos-revestidos/p
7891150060227;Refil Sabonete Líquido Lux Botanicals Lavanda 200ml;7.99;https://www.drogal.com.br/sabonete-liquido-lux-refil-botanicals-lavanda-200ml/p
7896676441215;Suplemento Alimentar Druse 90 Cápsulas Gelatinosas Moles;158.69;https://www.drogal.com.br/suplemento-alimentar-druse-90-capsulas-gelatinosas-moles/p
7896112115175;Naproxeno 500mg Teuto 20 Comprimidos;28.29;https://www.drogal.com.br/naproxenoteuto500mgcaixacom20comprimidos/p
8002990292092;"Creme Depilatório Veet Pure &amp; Fresh Pele Normal 100ml";49.49;https://www.drogal.com.br/creme-depilatorio-veet-pure-fresh-pele-normal-100ml/p
7896004765815;Maisol 7.000UI 4 Comprimidos;9.79;https://www.drogal.com.br/maisol-7000ui-4-comprimidos/p
7500435116305;Condicionador Pantene Pro-V 3 Minutos Milagrosos Hidratação 170ml;33.75;https://www.drogal.com.br/condicionador-pantene-3-minutos-milagrosos-hidratacao-170ml/p
7500435205771;Fralda Pampers Pants Ajuste Total Max M 112 Unidades;172.29;https://www.drogal.com.br/fralda-pampers-pants-ajuste-total-max-m-112-unidades/p
7908079508362;Creme Depilatório Corporal Sveda Men 150g;28.09;https://www.drogal.com.br/creme-depilatorio-corporal-sveda-men-150g/p
7896663325115;Apigen Spray Sabor Gengibre, Própolis e Mel 30ml;21.79;https://www.drogal.com.br/apigen-spray-antisseptico-sabor-gengibre-propolis-e-mel-30ml/p
7891150080119;Máscara de Tratamento Seda Colágeno + Vitamina C 300g;18.89;https://www.drogal.com.br/mascara-de-tratamento-seda-colageno-vitamina-c-300g/p
190679000088;Shampoo Herbal Essences Bio Renew Óleo de Argan 400ml;43.19;https://www.drogal.com.br/shampoo-herbal-essences-bio-renew-oleo-de-argan-400ml/p
7908228808725;Bala de Gelatina Fini Gingerbread Sabor Biscoito Spekulatius 80g;7.99;https://www.drogal.com.br/bala-de-gelatina-fini-gingerbread-sabor-biscoito-spekulatius-80g/p
9786526126202;Livro para Colorir Comfy And Cozy Tom e Jerry 1 Unidade;29.99;https://www.drogal.com.br/livro-para-colorir-comfy-and-cozy-tom-e-jerry-1-unidade/p
7897947617766;Suplemento Alimentar Líquido Ressaliv Sabor Tangerina 269ml;15.87;https://www.drogal.com.br/suplemento-alimentar-liquido-ressaliv-sabor-tangerina-269ml/p
7896004822013;Coxeto 90mg 7 Comprimidos Revestidos;42.83;https://www.drogal.com.br/coxeto-90mg-7-comprimidos-revestidos/p
7891010038953;"Fita Dental Johnson &amp; Johnson Reach Expansion Plus 50m";16.79;https://www.drogal.com.br/fita-dental-johnson-johnson-reach-expansion-plus-50m/p
7891317412692;Astro 600mg Suspensão Oral 15ml;55.39;https://www.drogal.com.br/astro-600mg-suspensao-oral-15ml/p
7509546702025;Escova Dental Colgate Slim Soft Gold 4 Unidades;34.29;https://www.drogal.com.br/escova-dental-colgate-slim-soft-gold-4-unidades/p
7896001223479;Chocolate Linea Dark Zero Açúcar 30g;8.59;https://www.drogal.com.br/chocolate-dark-linea-zero-acucar-30g/p
7896615113333;Inalador Soniclear Pulmopar Plus;248.75;https://www.drogal.com.br/inalador-e-nebulizador-soniclear-pulmopar-plus-pistao/p
7892953208823;Lacotem 100mg Zodiac 30 Comprimidos Revestidos;157.79;https://www.drogal.com.br/lacotem-100mg-zodiac-30-comprimidos-revestidos/p
7898556032605;Óleo Corporal de Girassol Triane 100ml;26.25;https://www.drogal.com.br/oleo-corporal-de-girassol-triane-100ml/p
7898040325404;Loção Hidratante DermovanceS Corpo e Rosto 500ml;133.75;https://www.drogal.com.br/locao-hidratante-dermovances-corpo-e-rosto-500ml/p
7896658021381;Notuss 1,5mg/ml Xarope Pediátrico Sabor Morango 120ml + Seringa Dosadora;26.49;https://www.drogal.com.br/notuss-15mgml-sabor-morango-120ml-seringa-dosadora/p
7898919411900;Desodorante Antitranspirante Aerossol Feminino Monange Invisível 150ml;13.69;https://www.drogal.com.br/desodorante-antitranspirante-aerosol-monange-invisivel-150ml/p
5701943103289;Antitranspirante Roll-On Perspirex Comfort 20ml;119.49;https://www.drogal.com.br/antitranspirante-roll-on-perspires-comfort-20ml/p
7891106003230;Creme Vaginal 100mg/5g Gino-Canesten 20g + 3 Aplicadores;93.59;https://www.drogal.com.br/creme-vaginal-100mg5g-gino-canesten-20g-3-aplicadores/p
7898556030670;Desodorante Para os Pés Rio Sport Dry 150ml;10.95;https://www.drogal.com.br/talco-desodorante-para-os-pes-rio-sport-dry-150ml/p
7896261005747;Tegretol CR 400mg caixa com 60 comprimidos;228.84;https://www.drogal.com.br/tegretol-cr-400mg-60-cpr-c1/p
7896235353911;Desodorante Antitranspirante Aerossol Feminino Monange Proteção Seca 150ml;13.69;https://www.drogal.com.br/desodorante-antitranspirante-aerossol-monange-protecao-seca-150ml/p
7896015591847;Sonrisal Sabor Limão 10 Comprimidos Efervescentes;12.39;https://www.drogal.com.br/sonrisal-sabor-limao-10-comprimidos-efervescentes/p
7891350041088;Esmalte Risqué Diamond Gel Sorbet de Mirtilo 9,5ml;10.99;https://www.drogal.com.br/esmalte-risque-diamond-gel-sorbet-de-mirtilo-95ml/p
7891350043815;Esmalte Cremoso Risqué Diamond Gel Nova Cor! Buquê de Hotênsias 9,5ml;10.99;https://www.drogal.com.br/esmalte-cremoso-risque-diamond-gel-nova-cor-buque-de-hotensias-95ml/p
7891058003555;Puran T4 12,5mcg 30 Comprimidos;3.87;https://www.drogal.com.br/puran-t4-125mcg-30-comprimidos/p
7896422515580;Citalopram - Medley 20mg caixa com 30 comprimidos;21.89;https://www.drogal.com.br/citalopram-20mg-30cgmdl-c1/p
7896007553563;Absorvente Intimus Toda Protegida Noturno Suave Com Abas 45 Unidades;36.85;https://www.drogal.com.br/absorvente-intimus-noturno-extra-protecao-extra-suave-com-abas-45-unidades/p
7896637033978;Atentah 40mg 30 Cápsulas Duras;109.39;https://www.drogal.com.br/atentah-40mg-30-capsulas-duras/p
7898096577017;Loncord 20mg 20 Cápsulas Gelatinosas Duras com Microgrânulos de Liberação Prolongada;31.09;https://www.drogal.com.br/loncord-20mg-20-capsulas-gelatinosas-duras-com-microgranulos-de-liberacao-prolongada/p
7894222021225;Esmalte Cremoso Dailus Queridinhos Nude Bem Me Quero 8ml;10.99;https://www.drogal.com.br/esmalte-cremoso-dailus-queridinhos-nude-bem-me-quero-8ml/p
7896658000843;Diosmin SDU 900mg + 100mg Sabor Laranja + Limão 15 Sachês Granulado 5g;73.09;https://www.drogal.com.br/diosmin-sdu-900mg-100mg-sabor-laranja-limao-15-saches-granulado-5g/p
7891033471775;Máscara Capilar Eudora Siàge Ultra Brilho Glow Expert 250g;76.45;https://www.drogal.com.br/mascara-capilar-eudora-siage-ultra-brilho-glow-expert-250g/p
7896658020315;Descongestionante Nasal Sorine Spray 0,9% Spray 50ml;31.09;https://www.drogal.com.br/sorine-spray-09-spray-nasal-50ml/p
4005900921598;Hidratante Labial Nivea Hidra Color 2 em 1 Rosa Pink 4,8g;30.45;https://www.drogal.com.br/hidratante-labial-nivea-hidra-color-2-em-1-rosa-pink-48g/p
8903855086583;Lacosamida 100mg Torrent 30 Comprimidos Revestidos;160.98;https://www.drogal.com.br/lacosamida-100mg-torrent-30-comprimidos-revestidos/p
7896007549382;Protetor Longo Plenitud Femme para Escapes de Urina 14 Unidades;14.09;https://www.drogal.com.br/protetor-diario-plenitud-femme-medio-14-unidades/p
7896261005723;CataflamProTripla Proteção 11,6mg/g Aerosol 85ml;51.49;https://www.drogal.com.br/cataflampro-116mgg-aerosol-85ml/p
7898146827895;Olanzapina 10mg 30 Comprimidos Revestidos - Biolab;107.18;https://www.drogal.com.br/olanzapina-10mg-30-comprimidos-revestidos-biolab/p
7896658031878;Protetor Solar Facial em Pó Profuse Ensolei Compact Color FPS50 Com Cor 10g;126.39;https://www.drogal.com.br/basecompactprofuseensoleicolorfps5010g/p
7898040323578;Gengimin 160mg 15 Comprimidos Revestidos;44.59;https://www.drogal.com.br/gengimin-160mg-15-comprimidos/p
7898391072897;Bastão Bengala Indaiá Pop B406 Alumínio com 4 Pontas;75.25;https://www.drogal.com.br/bastao-bengala-indaia-pop-b406-aluminio-com-4-pontas/p
7898040328627;Bactrim F 80 + 16mg suspensão frasco com 100ml;49.99;https://www.drogal.com.br/bactrim-f-susp-100ml/p
7896012880159;Fralda Descartável Bigfral Derma Plus J 10 Unidades;24.99;https://www.drogal.com.br/fralda-descartavel-bigfral-derma-plus-j-10-unidades/p
7898582380053;Tramal 100mg/ml Solução Oral Gotas 10ml;138.39;https://www.drogal.com.br/tramal-100mg-gts-10ml-a2/p
7895144191263;Pastilhas Mentos Clear Breath Sabor Peppermint 35g;16.19;https://www.drogal.com.br/pastilha-mentos-clearbreath-30-minutos-sabor-menta-35g/p
7896111913697;Esmalte Perolado Impala A Cor da Sua Moda Carícia 7,5ml;4.99;https://www.drogal.com.br/esmalte-perolado-impala-a-cor-da-sua-moda-caricia-75ml/p
7702031539421;Antisséptico Bucal Listerine Cool Mint Sem Álcool Refrescância Suave 1,5 Litros;52.25;https://www.drogal.com.br/antisseptico-bucal-listerine-cool-mint-sem-alcool-refrescancia-suave-15-litros/p
4005808812899;Creme Facial Antissinais Nivea Q10 Power Noite 49g;57.89;https://www.drogal.com.br/creme-facial-antissinais-nivea-q10-power-noite-49g/p
7896862918064;Cloridrato de Tetraciclina 500mg Medquímica 8 Cápsulas;13.59;https://www.drogal.com.br/cloridrato-de-tetraciclina-500mg-medquimica-8-capsulas/p
8720689020763;Chupeta Ultra Soft Philips Avent 0-6m Rosa e Lilás 2 Unidades;102.79;https://www.drogal.com.br/chupeta-ultra-soft-philips-avent-0-6m-rosa-e-lilas-2-unidades/p
7891317029272;Levetiracetam 250mg Eurofarma 30 Comprimidos Revestidos;36.99;https://www.drogal.com.br/levetiracetam-250mg-eurofarma-30-comprimidos-revestidos/p
7908079508621;Barra de Fruits e Cranberries Zero Açúcares Cooper Nutrimix 25g;3.99;https://www.drogal.com.br/barra-de-cereal-nuts-fruits-assiflora-sabor-cranberries-20g/p
7896009499012;Suplemento Alimentar Centrum Essencial 30 Comprimidos;29.19;https://www.drogal.com.br/suplemento-alimentar-centrum-essencial-30-comprimidos/p
7899824401512;Otodrat Solução Hidratante Gotas 4ml;57.09;https://www.drogal.com.br/otodrat-solucao-hidratante-gotas-4ml/p
7899706180177;Kit Tinta Imédia Excellence Loreal Creme Louro Suéco 8.1 + Creme Milagroso 50ml;35.99;https://www.drogal.com.br/kit-tinta-imedia-excellence-loreal-creme-louro-sueco-81-creme-milagroso-50ml/p
7898391071814;Bengala Indaiá T23 Madeira Castanho;38.15;https://www.drogal.com.br/bengala-indaia-t23-madeira-castanho/p
3401353791220;Gel De Limpeza Sébium Gel Moussant Bioderma 100ml;41.85;https://www.drogal.com.br/sebiumgelmoussantbioderma100ml/p
7898968269569;Protetor Solar Facial em Bastão Ollie FPS95 Incolor 14g;108.99;https://www.drogal.com.br/protetor-solar-facial-em-bastao-ollie-fps95-incolor-14g/p
7899420506802;Andes 100mg 30 Comprimidos Revestidos;80.99;https://www.drogal.com.br/andes-100mg-30-comprimidos-revestidos/p
7894222040127;Esmalte Dailus Milk Nails Vanilla Glaze 8ml;14.89;https://www.drogal.com.br/esmalte-dailus-milk-nails-vanilla-glaze-8ml/p
7897337716543;Nasonex 50mcg/atomização Spray Nasal Suspensão 120 Atomizações;61.49;https://www.drogal.com.br/nasonex005spraynasalfrascocom120atomizacoes/p
7891098042248;Chá Leão Xô TPM Sabor Cereja, Morango e Baunilha 10 Sachês 20g;12.49;https://www.drogal.com.br/cha-leao-xo-tpm-sabor-cereja-morango-e-baunilha-10-saches-20g/p
4006000068527;Hidratante Labial Nivea Original Care Disney Mickey e Amigos 4,8g;23.65;https://www.drogal.com.br/hidratante-labial-nivea-original-care-disney-mickey-e-amigos-48g/p
7898560665431;Leponex 100mg 30 Comprimidos;384.59;https://www.drogal.com.br/leponex-100mg-30cpr-c1/p
7896261024175;Neparvis 200mg 60 Comprimidos Revestidos;352.79;https://www.drogal.com.br/neparvis-200mg-60-comprimidos-revestidos/p
7899095230095;Tinidazol 30mg + Nitrato de Miconazol 20mg Geolab Creme Vaginal 45g + 7 Aplicadores;34.99;https://www.drogal.com.br/tinidazol-30mg--nitrato-de-miconazol-20mg-geolab-creme-vaginal-45g-7-aplicadores/p
030768058296;Suplemento Alimentar Sundown Magnésio 250mg 100 Comprimidos;81.53;https://www.drogal.com.br/suplemento-alimentar-sundown-magnesio-250mg-100-comprimidos/p
7896770982133;Roupa Íntima Tena Pants Confort P/M Embalagem Econômica 32 Unidades;100.19;https://www.drogal.com.br/roupa-intima-tena-pants-confort-pm-32-unidades/p
7898663111637;Desodorante Corporal Body Splash Giovanna Baby Turquoise 260ml;35.59;https://www.drogal.com.br/desodorante-corporal-body-splash-giovanna-baby-turquoise-260ml/p
7899706170338;Shampoo Esfoliante Anticaspa Vichy MicroPeel 150ml;122.09;https://www.drogal.com.br/shampoo-esfoliante-anticaspa-vichy-dercos-micro-peel-150ml/p
7896658036989;Allestra 20 21 Comprimidos Revestidos;34.09;https://www.drogal.com.br/allestra-20-21-comprimidos-revestidos/p
7891962050065;Biscoito Recheadinho Goiaba Bauducco 112g;5.19;https://www.drogal.com.br/biscoito-recheadinho-goiaba-bauducco-112g/p
7896026171267;Protetor Solar Facial Umbrella Perfect Skin FPS50 Tom Claro 50g;116.59;https://www.drogal.com.br/protetor-solar-umbrella-perfect-skin-fps50-tom-claro-50g/p
7896006201298;Font D 7.000 UI 30 Comprimidos Revestidos;49.9;https://www.drogal.com.br/font-d-7000-ui-30-comprimidos/p
7896714291215;Suplemento Alimentar Vitamina C + Zinco 10 Comprimidos Efervescentes;14.59;https://www.drogal.com.br/vitamina-c-zinco-neo-quimica-10-comprimidos-efervescentes/p
7896331708837;Sanasar Sabonete Dermatológico 60g;24.99;https://www.drogal.com.br/sanasar-100mg-g-sabonete-dermatologico-60g/p
79926;Desodorante Feminino For Woman Roll-On 50g;30.92;https://www.drogal.com.br/desodorante-feminino-for-woman-roll-on-50g/p
7899547538557;Ralzin 50mg 30 Comprimidos Revestidos;52.89;https://www.drogal.com.br/ralzin-50mg-30-comprimidos-revestidos/p
7896770983246;Absorvente Interno com Aplicador Longo Libresse Pure Sensitive Médio 8 Unidades;16.65;https://www.drogal.com.br/absorvente-interno-com-aplicador-longo-libresse-pure-sensitive-medio-8-unidades/p
7896676441109;Suplemento Alimentar Tacitá 60 Comprimidos;224.19;https://www.drogal.com.br/suplemento-alimentar-tacita-60-comprimidos/p
8436026215210;Saliva Artificial Kin Hidrat Spray Sabor Menta 40ml;60.59;https://www.drogal.com.br/saliva-artificial-kin-hidrat-spray-sabor-menta-40ml/p
4005808516667;Protetor Solar Kids Nivea Sun Brincando na Água FPS60 150ml;98.35;https://www.drogal.com.br/protetor-solar-kids-nivea-sun-brincando-na-agua-fps60-150ml/p
7896658035944;Descongestionante Nasal Infantil Sorine Jet Baby 0,9% Solução Nasal Spray Jato Contínuo Suave 100ml;39.9;https://www.drogal.com.br/sorine-jet-baby-09-solucao-nasal-jato-continuo-suave-100ml/p
7896422504652;Zinpass Eze 40mg + 10mg 30 Comprimidos Revestidos;146.69;https://www.drogal.com.br/zinpass-eze-40mg-10mg-30-comprimidos-revestidos/p
7896714274539;Hemitartarato de Zolpidem 5mg Neo Química 30 Comprimidos Sublinguais;47.09;https://www.drogal.com.br/hemitartarato-de-zolpidem-5mg-30-comprimidos-sublinguais-neo-quimica/p
7892953001820;Mitrul 15mg com 5 cápsulas de liberação prolongada;28.99;https://www.drogal.com.br/mitrul-15mg-5-caps/p
7896637022729;Azulfin 500mg 60 Comprimidos Revestidos;116.99;https://www.drogal.com.br/azulfin-500mg-60-comprimidos-revestidos/p
7898636193974;Suplemento Alimentar de Eletrólitos SoroX Sabor Abacaxi com Hortelã 550ml;12.99;https://www.drogal.com.br/suplemento-alimentar-de-eletrolitos-sorox-sabor-abacaxi-com-hortela-550ml/p
7897337716215;Cerazette 0075mg caixa com 28 comprimidos;41.69;https://www.drogal.com.br/cerazette-28cpr/p
7894222042367;Esmalte Cremoso Dailus Choco Cherry Mocha Mousse 8ml;10.99;https://www.drogal.com.br/esmalte-cremoso-dailus-choco-cherry-mocha-mousse-8ml/p
7897517909710;Escova de Cabelo Ricca Flex Dry Pink 1 Unidade;47.75;https://www.drogal.com.br/escova-de-cabelo-ricca-flex-dry-pink-1-unidade/p
7500435154291;"Máscara Capilar Nutritiva Pantene Pro-V Bambu Nutre &amp; Cresce 600ml";42.65;https://www.drogal.com.br/mascara-de-tratamento-pantene-bambu-600ml/p
7894222042718;Sabonete Esfoliante Crocante Corporal Dailus Sweet Skin Ice Cream Morango ao Leite 200ml;29.45;https://www.drogal.com.br/sabonete-esfoliante-crocante-corporal-dailus-sweet-skin-ice-cream-morango-ao-leite-200ml/p
7899547524772;Citrato de Sildenafila 50mg Prati-Donaduzzi 2 Comprimidos Revestidos;8.99;https://www.drogal.com.br/citrato-de-sildenafila-50mg-prati-donaduzzi-2-comprimidos-revestidos/p
7896512914255;Manteiga Emoliente Granado Corporal Pink 60g;26.99;https://www.drogal.com.br/manteiga-emoliente-granado-corporal-pink-60g/p
5000456060721;Daxas 500mcg 30 Comprimidos Revestidos;263.09;https://www.drogal.com.br/daxas-500mcg-30-comprimidos-revestidos/p
7899706238014;"Tintura L&apos;oréal Paris Imédia Excellence Sem Amônia 3U Castanho Escuro Universal";43.29;https://www.drogal.com.br/tintura-imedia-excellence-loreal-paris-sem-amonia-3u-castanho-escura-universal/p
7897411610620;Benicar 40mg 30 Comprimidos Revestidos;64.79;https://www.drogal.com.br/benicar-40mg-30-comprimidos-revestidos/p
7891033481842;Protetor Solar Facial Australian Gold Antiox Complex FPS70 40ml;76.99;https://www.drogal.com.br/protetor-solar-facial-australian-gold-antiox-complex-uvauvb--luz-azul-fps70-40ml/p
7896007201891;Preservativos Blowtex Morango 12 Unidades;15.69;https://www.drogal.com.br/preservativos-blowtex-morango-12-unidades/p
4005900734068;Sabonete Líquido Nivea Creme Soft Refil 200ml;9.95;https://www.drogal.com.br/sabonete-liquido-nivea-creme-soft-refil-200ml/p
7897316805268;Alphagan Z 0,1% Solução Oftálmica Estéril 5ml;74.85;https://www.drogal.com.br/alphagan-z-01-solucao-oftalmica-esteril-5ml/p
7896342452965;Tornozeleira Mercur Elástica Tamanho G Cor Preta 1 Par;50.69;https://www.drogal.com.br/tornozeleira-mercur-elastica-tamanho-g-cor-preta-1-par/p
78993;Curcumina 500mg 30 Cápsulas;50.93;https://www.drogal.com.br/curcumina-500mg-30-capsulas/p
7891317038878;Dimesilato de Lisdexanfetamina 50mg Eurofarma 30 Cápsulas Duras;304.29;https://www.drogal.com.br/dimesilato-de-lisdexanfetamina-50mg-eurofarma-30-capsulas-duras/p
7896007548514;Fralda Huggies Supreme Care Máxima Proteção P 48 Unidades;62.59;https://www.drogal.com.br/fralda-huggies-supreme-care-disney-baby-p-48-unidades/p
7896685302620;Ziclague Spray Uso Tópico 30ml;308.99;https://www.drogal.com.br/ziclague-spray-uso-topico-30ml/p
5702150155504;Vurtuoso 15mg 60 Comprimidos Revestidos;458.09;https://www.drogal.com.br/vurtuoso-15mg-60-comprimidos-revestidos/p
7891150087323;Sorvete Gelartier Morango com Pedaços 473ml;42.9;https://www.drogal.com.br/sorvete-gelartier-morango-com-pedacos-473ml/p
7896523216812;Diad 1,5mg 1 Comprimido;7.69;https://www.drogal.com.br/diad-15mg-1-comprimido/p
7908412524042;Umidificador de Ar Touch Elgin Desligamento Automático Bivolt 4 Litros;221.85;https://www.drogal.com.br/umidificador-de-ar-touch-elgin-desligamento-automatico-bivolt-4-litros/p
7898074619821;Spidufen 770mg 3 Comprimidos Revestidos;9.99;https://www.drogal.com.br/spidufen-770mg-3-comprimidos-revestidos/p
3337875543248;Sérum Fortalecedor Facial Vichy Mineral 89 50ml;205.39;https://www.drogal.com.br/serum-fortalecedor-facial-vichy-mineral-89-50ml/p
7896422527446;Risperidona 1mg Medley 30 Comprimidos Revestidos;16.69;https://www.drogal.com.br/risperidona-1mg-medley-30-comprimidos-revestidos/p
7896637032841;Inpruv D 7.000ui 30 Comprimidos Mastigáveis;53.59;https://www.drogal.com.br/inpruv-d-7000ui-30-comprimidos-mastigaveis/p
7897076922410;Gliclazida 60mg Ranbaxy 60 Comprimidos de Liberação Prolongada;61.59;https://www.drogal.com.br/gliclazida-60mg-ranbaxy-60-comprimidos-de-liberacao-prolongada/p
7899706135771;"Protetor Solar Corporal L&apos;Oréal Paris Solar Expertise Supreme Protect 4 FPS30 200ml";80.69;https://www.drogal.com.br/protetor-solar-corporal-loreal-paris-solar-expertise-supreme-protect-4-fps30-200ml/p
7899095220928;Colírio Geolab Solução Oftálmica 20ml;9.59;https://www.drogal.com.br/colirio-geolab-solucao-oftalmica-20ml/p
7898906376632;Keflex 1g caixa com 8 drágeas;136.69;https://www.drogal.com.br/keflex-1g-8-drag/p
7891010591038;Protetor Solar Neutrogena Sun Fresh FPS50 200ml;99.25;https://www.drogal.com.br/protetor-solar-neutrogena-sun-fresh-fps50-200ml/p
7908079502100;Pomada para Assaduras Qualifral 120g;24.99;https://www.drogal.com.br/pomada-para-assaduras-qualifral-120g/p
7896094928770;Adoçante em Pó Zero-Cal Sucralose 100 Sachês;16.79;https://www.drogal.com.br/adocante-dietetico-em-po-zero-cal-sucralose-600mg/p
7896699029537;Mamadeira Lolly Big Clean Bico Ortodôntico Rosa 340ml;29.69;https://www.drogal.com.br/mamadeira-lolly-big-clean-bico-ortodontico-rosa-340ml/p
7891317477301;Montelucaste de Sódio 4mg Eurofarma 30 Comprimidos Mastigável;46.89;https://www.drogal.com.br/montelucaste-de-sodio-4mg-eurofarma-30-comprimidos-mastigavel/p
7500435249492;Desodorante Antitranspirante Aerosol Masculino Old Spice Refrescante 250ml;26.85;https://www.drogal.com.br/desodorante-antitranspirante-aerosol-masculino-old-spice-refrescante-250ml/p
7896235354291;Creme Hidratante para Áreas Específicas Monange Óleo de Macadâmia com Vitamina E 50g;19.25;https://www.drogal.com.br/creme-hidratante-para-areas-especificas-monange-oleo-de-macadamia-com-vitamina-e-50g/p
7896658035388;Solução Capilar Pant 50mg/ml 2 Frascos 50ml + 1 Válvula Spray;114.29;https://www.drogal.com.br/solucao-capilar-pant-50mgml-2-frascos-50ml-1-valvula-spray/p
7891150101821;Refil Sabonete Líquido Lux Botanicals Orquídea Negra 900ml;25.89;https://www.drogal.com.br/refil-sabonete-liquido-lux-botanicals-orquidea-negra-900ml/p
7891033517459;Condicionador Eudora Siàge Cauterização dos Lisos 200ml;54.89;https://www.drogal.com.br/condicionador-eudora-siage-cauterizacao-dos-lisos-200ml/p
7896094920729;Aviv 50mg 30 Comprimidos Revestidos de Liberação Prolongada;71.19;https://www.drogal.com.br/aviv-50mg-30-comprimidos-revestidos-de-liberacao-prolongada/p
7898430192012;Suplemento Alimentar DPrev Cálcio 1.000 UI 60 Comprimidos Revestidos;99.45;https://www.drogal.com.br/suplemento-alimentar-dprev-calcio-1000-ui-60-comprimidos-revestidos/p
7896004747620;Aripiprazol 10mg EMS 30 Comprimidos;109.49;https://www.drogal.com.br/aripiprazol-10mg-ems-30-comprimidos/p
7897595900722;Clorana 50mg caixa com 20 comprimidos;13.49;https://www.drogal.com.br/clorana-50mg-20-cpr/p
7898759351039;Carrinho City Car 1 Unidade;10.69;https://www.drogal.com.br/carrinho-city-car-1-unidade/p
0042882100676;Loção Hidratante Corporal Principia LH-02 500ml;48.99;https://www.drogal.com.br/locao-hidratante-corporal-principia-lh-02-500ml/p
7891158105708;Suplemento Nutricional Ensure Advance Sabor Cereal 400g;89.99;https://www.drogal.com.br/suplemento-nutricional-ensure-advance-sabor-cereal-400g/p
7897411602311;Latuda 20mg 30 Comprimidos Revestidos;197.19;https://www.drogal.com.br/latuda-20mg-30-comprimidos-revestidos/p
7898560665424;Leponex 25mg 20 Comprimidos;63.69;https://www.drogal.com.br/leponex-25mg-20-cpr-c1/p
7891150083462;Sabonete Líquido Refil Lux Essências do Brasil Dama-da-Noite 240ml;11.89;https://www.drogal.com.br/sabonete-liquido-refil-lux-essencias-do-brasil-dama-da-noite-240ml/p
7896085111204;Bolsa Térmica Termopack Duplo Revestimento 1 Unidade;38.05;https://www.drogal.com.br/bolsa-termica-termopack-duplo-revestimento-1-unidade/p
7899852019017;Primer Fluído Vult Glow 30ml;21.89;https://www.drogal.com.br/primer-fluido-vult-glow-30ml/p
7895858017156;Calman 20 Comprimidos;62.69;https://www.drogal.com.br/calman-20-comprimidos/p
7908079513465;Protetor Solar Facial Sveda Solar FPS75 Oil Free Cor Escura 40g;25.99;https://www.drogal.com.br/protetor-solar-facial-sveda-solar-fps75-oil-free-cor-escura-40g/p
7898734800163;Suplemento Alimentar Imuno Condrial +Q10 30 Comprimidos;178.0;https://www.drogal.com.br/suplemento-alimentar-imuno-condrial-q10-30-comprimidos/p
7896714275390;Antiácido Pepsamar Sabor Menta 10 Comprimidos Mastigáveis;9.9;https://www.drogal.com.br/pepsamar-10-cpr/p
7898154460589;Similasan Alergic Solução Oftálmica Estéril 10ml;41.05;https://www.drogal.com.br/similasan-alergic-solucao-oftalmica-esteril-10ml/p
7896112402817;Reaox Ultra 30 Cápsulas Moles;224.75;https://www.drogal.com.br/reaox-ultra-30-capsulas-moles/p
7500435204446;Esfoliante Suave Gillette Venus Área Íntima 177ml;41.75;https://www.drogal.com.br/esfoliante-suave-gillette-venus-area-intima-177ml/p
7894916510431;Olmy HCT 40mg + 25mg 30 Comprimidos Revestidos;55.15;https://www.drogal.com.br/olmy-hct-40mg-25mg-30-comprimidos-revestidos/p
7898623954076;Kit Shampoo + Condicionador Salon Line Hidra Óleo de Coco Nutrição Intensa 300ml Cada;17.79;https://www.drogal.com.br/salon-line-hidra-coco-shampoo-300ml-condicionador-300ml/p
7898929949974;Suplemento Vitamínico Borg Complexo B 60 Cápsulas Gel;49.9;https://www.drogal.com.br/suplemento-vitaminico-borg-complexo-b-60-capsulas-gel/p
7891317181604;Filinar G 5mg/ml xpe fr 120 ml+copo med;26.99;https://www.drogal.com.br/filinar-xpe-ped-120ml/p
7896523208855;Cetoconazol 20mg/g + Dipropionato de Betametasona 0,64mg/g + Sulfato de Neomicina 2,5mg/g Cimed Creme 30g;19.59;https://www.drogal.com.br/cetoconazolbetneo-cr30gcim/p
7894916515351;Clabat 50mg/ml Granulado Suspensão Oral 60ml + Diluente 31ml + Seringa Dosadora;125.69;https://www.drogal.com.br/clabat-50mgml-granulado-suspensao-oral-60ml-diluente-31ml-seringa-dosadora/p
7898029550254;Acertil 10mg 60 Comprimidos;191.79;https://www.drogal.com.br/acertil10mg60comprimidos/p
7896094928466;Antiácido Gastrol Pó Efervescente Sabor Laranja 6 Sachês 5g Cada;17.69;https://www.drogal.com.br/antiacido-gastrol-po-efervescente-sabor-laranja-6-saches-5g-cada/p
7898965335045;Biscoito de Tapioca Naturatta Cobertura Chocolate Amargo 15g;5.69;https://www.drogal.com.br/biscoito-de-tapioca-naturatta-cobertura-chocolate-amargo-15g/p
7896714234564;Furosemida 40mg Neo Química 30 Comprimidos;11.19;https://www.drogal.com.br/furosemidaneoquimica40mgcaixa30comprimidos/p
7891024136201;Enxaguante Bucal Colgate Plax Kids Minions Sabor Tutti-Frutti 250ml;15.45;https://www.drogal.com.br/enxaguante-bucal-colgate-plax-kids-minions-sabor-tutti-frutti-250ml/p
7891317435462;Sinot 400mg Suspensão Oral 100ml + Seringa Dosadora;42.79;https://www.drogal.com.br/sinot-400mg-suspensao-oral-100ml-seringa-dosadora/p
80436;Palatinose em Pó Sem Sabor 30 Sachês 10g Cada;90.94;https://www.drogal.com.br/palatinose-em-po-sem-sabor-30-saches-10g-cada/p
7896226100302;Pasalix PI 500mg 30 Comprimidos Revestidos;70.49;https://www.drogal.com.br/pasalix-pi-500mg-30-comprimidos-revestidos/p
7896006212072;Suplemento Alimentar Oxiberry 30 Sachês 5g;98.49;https://www.drogal.com.br/oxiberry-5g-x-30-saches/p
7896094928510;Suplemento Alimentar Tamarine Dual Sabor Hibisco com Frutas Vermelhas 400ml;10.79;https://www.drogal.com.br/suplemento-alimentar-tamarine-dual-fit-sabor-hibisco-com-frutas-vermelhas-400ml/p
7896902285422;Oleo Rícino Farmax 30ml;8.85;https://www.drogal.com.br/oleo-ricino-farmax-30ml-novo/p
7898244721019;Unitram 15mg 30 Comprimidos Revestidos;111.89;https://www.drogal.com.br/unitram-15mg-30-comprimidos-revestidos/p
7908079501455;Barra de Bananinha Cremosa Tradicional Zero Açúcares Cooper Nutrimix 30g;2.99;https://www.drogal.com.br/barrinha-assiflora-sabor-banana-cremosa-com-acucar-30g/p
7899706180092;Tinta Imédia Excellence Loreal Louro Escuro Acinzentado 6.1 + Creme Milagroso 50ml;37.45;https://www.drogal.com.br/tintura-loreal-imedia-excellente-61-louro-escurocreme-50ml/p
7891317039585;Sympta 60mg 30 Cápsulas de Liberação Retardada;131.38;https://www.drogal.com.br/sympta-60mg-30-capsulas-de-liberacao-retardada/p
7898949409724;Shampoo Tio Nacho Clareador 415ml;43.09;https://www.drogal.com.br/shampoo-tio-nacho-clareador-415ml/p
7898569765149;Vitamina D 10.000UI Althaia 30 Cápsulas;79.9;https://www.drogal.com.br/vitamina-d-10000ui-althaia-30-capsulas/p
7891058022594;Suplemento Alimentar Probiótico Enterogermina Plus Criança e Adulto 10 Frascos 5ml Cada;65.39;https://www.drogal.com.br/suplemento-alimentar-probiotico-enterogermina-plus-crianca-e-adulto-10-frascos-5ml-cada/p
3606000480964;Creme Anti-idade Skinceuticals Glycolic 10 Renew Overnight 50ml;594.39;https://www.drogal.com.br/creme-anti-idade-skinceuticals-glycolic-10-renew-overnight-50ml/p
9001616712173;Chupeta Mam Original 6 Meses Azul 1 Unidade;36.09;https://www.drogal.com.br/chupeta-mam-original-tamanho-2-6-meses-azul-1-unidade/p
7896112408987;Nuit Flash 5mg 60 Comprimidos Orodispersíveis;94.08;https://www.drogal.com.br/nuit-flash-5mg-60-comprimidos-orodispersiveis/p
7891098041982;Chá Gelado Leão Sabor Morango + Laranja 10 Sachês 23g Cada;11.25;https://www.drogal.com.br/cha-leao-preparo-gelado-sabor-morango-laranja-10-saches-23g-cada/p
7899095202221;Xaloftal 50mcg/ml Solução Oftálmica Estéril 2,5ml;87.67;https://www.drogal.com.br/xaloftal-50mcg-ml-solucao-oftalmica-esteril-25ml/p
7896094210370;Reconter 20mg/ml Solução Gotas 30ml;160.99;https://www.drogal.com.br/reconter-20mg-frasco-30ml-solucao-de-uso-oral/p
7894164010844;Simeticona 75mg/ml Airela Emulsão Oral Gotas Sabor Cereja 10ml;3.99;https://www.drogal.com.br/simeticona-75mg-ml-emulsao-oral-sabor-cereja-10ml/p
4005900429643;"Desodorante Antitranspirante Aerosol Nivea Invisible Black &amp; White Fresh 150ml";17.99;https://www.drogal.com.br/desodorante-antitranspirante-aerosol-nivea-invisible-black-white-fresh-150ml/p
7896714295589;Telmisartana 80mg + Hidroclorotiazida 25mg Neo Química 30 Comprimidos;91.59;https://www.drogal.com.br/telmisartana-80mg--hidroclorotiazida-25mg-neo-quimica-30-comprimidos/p
7891151042123;Drops Freegells Pro Sabor Cereja e Mentol 15 Unidades;8.05;https://www.drogal.com.br/drops-freegells-pro-sabor-cereja-e-mentol-15-unidades/p
80052487;Bombom Raffaello 30g;11.09;https://www.drogal.com.br/bombom-raffaello-30g/p
7896004789446;Vynaxa 2,5mg 30 Comprimidos Revestidos;65.09;https://www.drogal.com.br/vynaxa-25mg-30-comprimidos-revestidos/p
7896112408642;Besilato de Levanlodipino 2,5mg Biolab 30 Comprimidos;43.29;https://www.drogal.com.br/besilato-de-levanlodipino-25mg-biolab-30-comprimidos/p
7896181916246;Angipress 50mg 30 Comprimidos;33.29;https://www.drogal.com.br/angipress-50mg-30-comprimidos/p
7895296365017;Bissulfato de Clopidogrel 75mg Nova Química 28 Comprimidos Revestidos;33.69;https://www.drogal.com.br/bissulfato-de-clopidogrel-75mg-nova-quimica-28-comprimidos-revestidos/p
7908615025797;Esmalte Colorama Universo Paralelo Verde Invasão Alienígena 8ml;6.59;https://www.drogal.com.br/esmalte-colorama-universo-paralelo-verde-invasao-alienigena-8ml/p
7896382703614;Cialis 20mg 2 Comprimidos Revestidos;142.49;https://www.drogal.com.br/cialis20mgcaixacom2comprimidosrevestidos/p
7896226108513;Endofolin 5mg 90 Comprimidos Revestidos;92.89;https://www.drogal.com.br/endofolin5mg90comprimidos/p
7896637032735;Suplemento Alimentar Digeliv Sabor Laranja 15 Comprimidos Mastigáveis;48.29;https://www.drogal.com.br/suplemento-alimentar-digeliv-sabor-laranja-15-comprimidos-mastigaveis/p
7891150094499;Kit Tresemmé Hidratação Profunda Shampoo 350ml + Condicionador 175ml;29.89;https://www.drogal.com.br/kit-tresemme-hidratacao-profunda-shampoo-350ml-condicionador-175ml/p
7891317035037;Pastilhas Valda Mais Sabor Própolis e Gengibre Sem Açúcar 12g;6.99;https://www.drogal.com.br/pastilha-valda-mais-sabor-propolis-e-gengibre-sem-acucar-12g/p
7891150101593;Creme para Pentear Seda Amino-Silk Complex Toque de Seda 300ml;12.89;https://www.drogal.com.br/creme-para-pentear-seda-amino-silk-complex-toque-de-seda-300ml/p
7891008121575;Chocolate Garoto Talento Meio Amargo com Amêndoas 85g;12.19;https://www.drogal.com.br/chocolate-garoto-talento-meio-amargo-com-amendoas-85g/p
631430070679;Alfajor Croc Tentação Carmela Sabor Morango e Chocolate 50g;7.39;https://www.drogal.com.br/alfajor-croc-tentacao-carmela-sabor-morango-e-chocolate-50g/p
7896676433180;Ciclolato 10mg/ml Solução Oftálmica Estéril 5ml;9.79;https://www.drogal.com.br/ciclolato-10mg-ml-solucao-oftalmica-esteril-5ml/p
9786555000245;Livro Aquarela Uma Casa Muito Bem-Assombrada 1 Unidade;9.99;https://www.drogal.com.br/livro-aquarela-uma-casa-muito-bem-assombrada-1-unidade/p
7896094907294;Engov 12 Comprimidos;15.59;https://www.drogal.com.br/engov-12-comprimidos/p
4005900662019;Água Micelar Nivea Solução de Limpeza 7 em 1 Efeito Matte 200ml;31.79;https://www.drogal.com.br/agua-micelar-nivea-solucao-de-limpeza-7-em-1-efeito-matte-200ml/p
7896094999411;Dramin 50mg com 10 Cápsulas;21.59;https://www.drogal.com.br/dramin-capsgel-50mg-10-caps/p
7892840822798;Salgadinho Elma Chips Baconzitos 42g;8.49;https://www.drogal.com.br/salgadinho-elma-chips-baconzitos-42g/p
4005808310999;Loção Deo-Hidratante Nivea Lotion Express 200ml;20.79;https://www.drogal.com.br/hidratante-nivea-lotion-express-200ml/p
7896658056512;Suplemento Alimentar Sintocalmy Noite 30 Cápsulas;62.19;https://www.drogal.com.br/suplemento-alimentar-sintocalmy-noite-30-capsulas/p
7896094203280;Reconter 15mg 30 Comprimidos Revestidos;112.09;https://www.drogal.com.br/reconter-15mg-30-cpr-c1/p
7891317015794;Rox 10mg 30 Comprimidos Revestidos;48.79;https://www.drogal.com.br/rox-10mg-30-comprimidos-revestidos/p
7891024030806;Enxaguante Bucal Colgate Plax Kids Minions 250ml;15.45;https://www.drogal.com.br/enxaguante-bucal-colgate-plax-kids-minions-250ml/p
7896094207851;Ancoron 200mg 30 Comprimidos Revestidos;54.19;https://www.drogal.com.br/ancoron200mgcaixacom30comprimidosrevestidos/p
7500435201650;Sonozzz Passiflora 857mg 8 Comprimidos Revestidos;28.29;https://www.drogal.com.br/sonozzz-passiflora-857mg-8-comprimidos-revestidos/p
7896336016579;Doce de Amendoim Paçoquita Santa Helena Sabor Coco Queimado 8 Unidades;10.49;https://www.drogal.com.br/doce-de-amendoim-pacoquita-santa-helena-sabor-coco-queimado-8-unidades/p
0300651481198;Systane Complete Lubrificante Oftálmica Estéril 10ml;104.59;https://www.drogal.com.br/systane-complete-frasco-10ml/p
7891000090732;Bebida Láctea Neston Sabor Maçã, Banana e Mamão 280ml;8.59;https://www.drogal.com.br/bebida-lactea-neston-sabor-maca-banana-e-mamao-280ml/p
7896206403409;Brilinta 90mg 60 Comprimidos Revestidos;425.49;https://www.drogal.com.br/brilinta-90mg-60-cpr/p
